<?xml version="1.0" encoding="UTF-8"?>
<!DOCTYPE hibernate-mapping PUBLIC
        "-//Hibernate/Hibernate Mapping DTD 3.0//EN"
        "http://hibernate.sourceforge.net/hibernate-mapping-3.0.dtd">

<hibernate-mapping package="domain">

	<!-- 配置的文件对应的类 -->
	<class name="Classes" table="t_Classes">
	
		<!-- 配置主键-->
		<id name="cid" column="cid">
			<!-- 主键生成策略 -->
			<generator class="native"></generator>
		</id>
		<!-- 主键外的其他属性 -->
		<property name="code" column="code" length="20"></property>
		<property name="cname" column="cname" length="20"></property>
		<property name="direction" column="direction" length="20"></property>
		<property name="openDate" column="openDate" ></property>
		<property name="state" column="state" length="10"></property>
		<property name="remark" column="remark" length="200"></property>
		<many-to-one name="headlmaster" class="Teacher" column="headlmaster_id"  ></many-to-one>
		<many-to-one name="lecturer" class="Teacher" column="lecturer_id"  ></many-to-one>
		
		<!-- 控制权反转 -->
		<set name="studentSet" inverse="true" >
			<key column="classes_id"></key>
			<one-to-many class="Students" />
		</set>
		<set name="paperSet" lazy="false" table="paper_classes">
			<key column="cid"></key>
			<many-to-many class="Paper" column="pid"></many-to-many>
		</set>
		
		
		
	</class>
</hibernate-mapping>
