<?xml version="1.0" encoding="UTF-8"?>
<!DOCTYPE hibernate-mapping PUBLIC
        "-//Hibernate/Hibernate Mapping DTD 3.0//EN"
        "http://hibernate.sourceforge.net/hibernate-mapping-3.0.dtd">

<hibernate-mapping package="domain">

	<!-- 配置的文件对应的类 -->
	<class name="Paper" table="t_Paper">
	
		<!-- 配置主键-->
		<id name="pid" >
			<!-- 主键生成策略 -->
			<generator class="native"></generator>
		</id>
		<!-- 主键外的其他属性 -->
		<property name="title"  length="30"></property>
		<property name="kemu"  length="20"></property>
		<property name="state"  length="20"></property>
		<property name="startTime"  length="20"></property>
		<property name="mw"  length="20"></property>
		<property name="minute"  length="20"></property>
		<property name="totalScore"  length="20"></property>
		<property name="average"  length="20"></property>
		<property name="totalQuestion"  length="20"></property>
		
		
		
		<set name="questionSet" table="paper_question" lazy="false">
			<key column="pid"></key>
			<many-to-many class="Question" column="qid" ></many-to-many>
		</set>
		<!-- 控制权反转 
		<list name="questionList" table="paper_question" lazy="false" >
		
			<key column="pid"></key>
			<index column="index1" ></index>
			<many-to-many class="Question" column="qid" ></many-to-many>
		</list>
		-->
		<set name="classSet" table="paper_classes">
			<key column="pid"></key>
			<many-to-many class="Classes" column="cid"></many-to-many>
		</set>
		
		
		
		
	</class>
</hibernate-mapping>
