<?xml version="1.0" encoding="UTF-8"?>
<!DOCTYPE hibernate-mapping PUBLIC
        "-//Hibernate/Hibernate Mapping DTD 3.0//EN"
        "http://hibernate.sourceforge.net/hibernate-mapping-3.0.dtd">

<hibernate-mapping package="domain">

	<!-- 配置的文件对应的类 -->
	<class name="Question" table="t_Question">
	
		<!-- 配置主键-->
		<id name="qid" >
			<!-- 主键生成策略 -->
			<generator class="native"></generator>
		</id>
		<!-- 主键外的其他属性 -->
		<property name="major" length="20"></property>
		<property name="stage"  length="20"></property>
		<property name="difficult" length="20"></property>
		<property name="mr" length="20"></property>
		<property name="subject" length="150"></property>
		<property name="optionA" length="100"></property>
		<property name="optionB" length="100"></property>
		<property name="optionC" length="100"></property>
		<property name="optionD" length="100"></property>
		<property name="answer" length="30"></property>
		<property name="mw" length="20"></property>
		
		<set name="paperSet"  table="paper_question">
			<key column="qid"></key>
			<many-to-many class="Paper" column="pid" ></many-to-many>
		</set>
		
		
		
	</class>
</hibernate-mapping>
