<?xml version="1.0" encoding="UTF-8"?>
<!DOCTYPE hibernate-mapping PUBLIC
        "-//Hibernate/Hibernate Mapping DTD 3.0//EN"
        "http://hibernate.sourceforge.net/hibernate-mapping-3.0.dtd">

<hibernate-mapping package="domain">

	<!-- 配置的文件对应的类 -->
	<class name="Score" table="t_Score">
	
		<!-- 配置主键-->
		<id name="sid" >
			<!-- 主键生成策略 -->
			<generator class="native"></generator>
		</id>
		<!-- 主键外的其他属性 -->
		<property name="title" length="30"></property>
		<property name="startTime" ></property>
		<property name="score" length="30"></property>
		<many-to-one name="student" class="Students" column="student_id" lazy="false" ></many-to-one>
		<many-to-one name="classes" class="Classes" column="classes_id" lazy="false" ></many-to-one>
		<many-to-one name="paper" class="Paper" column="paper_id" lazy="false" ></many-to-one>
		
	</class>
</hibernate-mapping>
