<?xml version="1.0" encoding="UTF-8"?>
<!DOCTYPE hibernate-mapping PUBLIC
        "-//Hibernate/Hibernate Mapping DTD 3.0//EN"
        "http://hibernate.sourceforge.net/hibernate-mapping-3.0.dtd">

<hibernate-mapping package="domain">
	<!-- 配置的文件对应的类 -->
	<class name="Teacher" table="t_Teacher">
	
	
	
		<!-- 配置主键-->
		<id name="id" column="id">
			<!-- 主键生成策略 -->
			<generator class="native"></generator>
		</id>
		<!-- 主键外的其他属性 -->
		<property name="userName" column="userName" length="20"></property>
		<property name="pwd" column="pwd" length="20"></property>
		<property name="name" column="name" length="15"></property>
		<property name="sex" column="sex" length="2"></property>
		<property name="education" column="education" length="15"></property>
		<property name="telPhone" column="telPhone" length="15"></property>
		<property name="post" column="post" length="15"></property>
		<property name="remark" column="remark" length="200"></property>
		
		
	</class>
</hibernate-mapping>
















