<?xml version="1.0" encoding="UTF-8"?>
<!DOCTYPE hibernate-mapping PUBLIC
        "-//Hibernate/Hibernate Mapping DTD 3.0//EN"
        "http://hibernate.sourceforge.net/hibernate-mapping-3.0.dtd">
		<hibernate-mapping>
			<class name="com.domain.Paper" table="tb_paper">
				<id name="pid" column="pid">
					<generator class="native"></generator>
				</id>
				
				<property name="title" column="title"></property>
				<property name="subjects" column="subjects"></property>
				<property name="type" column="type"></property>
				<property name="state" column="state"></property>
				<property name="start" column="start"></property>
				<property name="minute" column="minute"></property>
				<property name="countScore" column="countScore"></property>
				<property name="countQuestion" column="countQuestion"></property>
				<property name="average" column="average"></property>
				
				<set name="setQuestion" table="tb_paper_question">
					<key column="pid"></key>
					<many-to-many class="com.domain.Question"></many-to-many>
				</set>
				
				<set name="setClasses" table="tb_paper_classes">
					<key column="pid"></key>
					<many-to-many class="com.domain.Classes"></many-to-many>
				</set>
				
			</class>
		</hibernate-mapping>