<?xml version="1.0" encoding="UTF-8"?>
<!DOCTYPE hibernate-mapping PUBLIC
        "-//Hibernate/Hibernate Mapping DTD 3.0//EN"
        "http://hibernate.sourceforge.net/hibernate-mapping-3.0.dtd">
        
        <hibernate-mapping>
        	<class name="com.domain.Question" table="tb_question">
        		<id name="qid" column="qid">
        		<generator class="native"></generator>
        		</id>
        		<property name="kind" column="kind"></property>
        		<property name="content" column="content"></property>
        		<property name="optionA" column="optionA"></property>
        		<property name="optionB" column="optionB"></property>
        		<property name="optionC" column="optionC"></property>
        		<property name="optionD" column="optionD"></property>
        		<property name="answer" column="answer"></property>
        		<property name="difficulty" column="difficulty"></property>
        		<property name="chapter" column="chapter"></property>
        		<property name="type" column="type"></property>
        		<property name="direction" column="direction"></property>
        		<property name="stage" column="stage"></property>
        		
        	<set name="paperSet" table="tb_paper_question">
					<key column="qid"></key>
					<many-to-many class="com.domain.Paper"></many-to-many>
				</set>
        		
        	</class> 
        </hibernate-mapping> 
