<?xml version="1.0" encoding="utf-8"?>
<!DOCTYPE hibernate-mapping PUBLIC "-//Hibernate/Hibernate Mapping DTD 3.0//EN"
"http://hibernate.sourceforge.net/hibernate-mapping-3.0.dtd">
<!-- 
    Mapping file autogenerated by MyEclipse Persistence Tools
-->
<hibernate-mapping package="dao">
    <class name="Dept" table="DEPT" schema="SCOTT">
        <id name="deptno">
            <column name="DEPTNO" precision="2" scale="0" />
            <generator class="native"></generator>
        </id>
        <property name="dname" type="string">
            <column name="DNAME" length="14" />
        </property>
        <property name="loc" type="string">
            <column name="LOC" length="13" />
        </property>
        
    </class>
</hibernate-mapping>
