<?xml version='1.0' encoding='UTF-8'?>
<!DOCTYPE hibernate-configuration PUBLIC
          "-//Hibernate/Hibernate Configuration DTD 3.0//EN"
          "http://hibernate.sourceforge.net/hibernate-configuration-3.0.dtd">

<!-- Generated by MyEclipse Hibernate Tools.                   -->
<hibernate-configuration>

	<session-factory>
		<property name="dialect">
			org.hibernate.dialect.OracleDialect
		</property>
		<property name="connection.url">
			jdbc:oracle:thin:@172.17.253.190:1521:orcl
		</property>
		<property name="connection.username">scott</property>
		<property name="connection.password">tiger</property>
		<property name="connection.driver_class">
			oracle.jdbc.OracleDriver
		</property>
		<property name="myeclipse.connection.profile">orcl</property>
		<mapping resource="domain/Dept.hbm.xml" />

	</session-factory>

</hibernate-configuration>