<?xml version="1.0" encoding="UTF-8" ?>
<!DOCTYPE struts PUBLIC "-//Apache Software Foundation//DTD Struts Configuration 2.1//EN" "http://struts.apache.org/dtds/struts-2.1.dtd">
<struts>
	
	<package name="" extends="struts-default" namespace="">
		<!-- 拦截器配置 -->
		<interceptors >
			<interceptor name="InitInterceptor" class="interceptor.InitInterceptor"></interceptor>
			<interceptor-stack name="myInterceptorStack">
				<interceptor-ref name="InitInterceptor"></interceptor-ref>
				<interceptor-ref name="defaultStack"></interceptor-ref>
			</interceptor-stack>
		</interceptors>
		
		<!-- 配置默认拦截器，此拦截器变成全局拦截器 -->
        <default-interceptor-ref name="myInterceptorStack"></default-interceptor-ref>
		
		<!-- 该标签下配置的都是全局配置 -->
		<global-results>
			<result name="showScoreParticulars">scoreParticulars.jsp</result>
			<result name="showStudentScore">showStudentScore.jsp</result>
			<result name="updatePaperQuestion">updatePaperQuestion.jsp</result>
			<result name="studentInfo">studentInfo.jsp</result>
			<result name="studentTest">studentTest.jsp</result>
			<result name="showStudentPaper">showStudentPaper.jsp</result>
			<result name="showAddPaperTestClass">addPaperTestClass.jsp</result>
			<result name="adminShowPaperQuestion">adminShowPaperQuestion.jsp</result>
			<result name="showAddPaper">addPaper.jsp</result>
			<result name="showPaper">showPaper.jsp</result>
			<result name="showUpdateTopic">updateTopic.jsp</result>
			<result name="showAddTopic">addTopic.jsp</result>
			<result name="login">login.jsp</result>
			<result name="loginout">login.jsp</result>
			<result name="showStudent">showStudent.jsp</result>
			<result name="showQuestion">showQuestion.jsp</result>
			<result name="questiontopic">questionTopic.jsp</result>
			<result name="index">index.jsp</result>
			
			
			<!-- 当返回的是redirectQuestions时，重定向到一个请求上，访问selectQuestion!selectQuestion，获取所有题库的信息 -->		
			<result name="redirectQuestions" type="redirectAction">
				<param name="actionName">selectQuestion!selectQuestion</param>
			</result>
			<!-- 当返回的是redirectpaper时，重定向到一个请求上，访问getAllPaper!getAllPaper，获取所有试卷的信息 -->		
			<result name="redirectpaper" type="redirectAction">
				<param name="actionName">getAllPaper!getAllPaper</param>
			</result>
			<!-- 当返回的是redirectShowPaperQuestion时，重定向到一个请求上，获取一张试卷的所有试题 -->		
			<result name="redirectShowPaperQuestion" type="redirectAction">
				<param name="actionName">onePaperQuestion!getOnePaperAllQuestion</param>
				<param name="pid">${pid}</param>
			</result>
			<!-- 当返回的是redirectStudentGetPaper时，重定向到一个请求上，获取学生需要考的所有试卷 -->		
			<result name="redirectStudentGetPaper" type="redirectAction">
				<param name="actionName">studentGetPaper!studentGetPaper</param>
			</result>
		</global-results>
		
		
		<action name="scoreParticulars" class="action.UserAction" method="scoreParticulars"></action>
		<action name="getStudentScore" class="action.UserAction" method="getStudentScore"></action>
		<action name="nextQuestion" class="action.UserAction" method="nextQuestion"></action>
		<action name="updatePaperQuestion" class="action.UserAction" method="updatePaperQuestion"></action>
		<action name="showUpdatePaperQuestion" class="action.UserAction" method="showUpdatePaperQuestion"></action>
		<action name="getStudentInfo" class="action.UserAction" method="getStudentInfo"></action>
		<action name="studentTest" class="action.UserAction" method="studentTest"></action>
		<action name="studentGetPaper" class="action.UserAction" method="studentGetPaper"></action>
		<action name="addPaperTestClasses" class="action.UserAction" method="addPaperTestClasses"></action>
		<action name="showAddPaperTestClasses" class="action.UserAction" method="showAddPaperTestClasses"></action>
		<action name="onePaperQuestion" class="action.UserAction" method="getOnePaperAllQuestion"></action>
		<action name="delPaper" class="action.UserAction" method="delPaper"></action>
		<action name="addPaper" class="action.UserAction" method="addPaper"></action>
		<action name="showAddPaper" class="action.UserAction" method="showAddPaper"></action>
		<action name="getAllPaper" class="action.UserAction" method="getAllPaper"></action>
		<action name="updateTopic" class="action.UserAction" method="updateTopic"></action>
		<action name="showUpdateTopic" class="action.UserAction" method="showUpdateTopic"></action>
		<action name="delTopic" class="action.UserAction" method="delTopic"></action>
		<action name="addTopic" class="action.UserAction" method="addTopic"></action>
		<action name="showAddTopic" class="action.UserAction" method="showAddTopic"></action>
		<action name="selectOneQuestion" class="action.UserAction" method="selectOneQuestion"></action>
		<action name="userLogin" class="action.UserAction" method="login"></action>
		<action name="showStudent" class="action.UserAction" method="showStudent"></action>
		<action name="selectQuestion" class="action.UserAction" method="selectQuestion"></action>
		<action name="logout" class="action.UserAction" method="logout"></action>
		
	</package>
</struts>    
