<?xml version="1.0" encoding
="UTF-8" ?>
<!DOCTYPE struts PUBLIC "-//Apache Software Foundation//DTD Struts Configuration 2.1//EN" "http://struts.apache.org/dtds/struts-2.1.dtd">
<struts>
	<package name=""  extends="struts-default">
	
		<global-results>
			<result name="login">admin.jsp</result>
			<result name="error">login.jsp</result>
			<result name="loginout">login.jsp</result>
			<result name="showStudent">showstudent.jsp</result>
			<result name="showQuestion">showQuestion.jsp</result>
			<result name="onequestion">onequestion.jsp</result>
			<result name="showUpdateQuestion">updateQuestion.jsp</result>
			<result name="showAddQuestion">addQuestion.jsp</result>
			<result name="showPapers">showPapers.jsp</result>
			<result name="showAddPapers">addPapers.jsp</result>
			
			
			<!-- 当返回的是redirectQuestions时，重定向到一个请求上，访问，获取所有题库的信息 -->		
			<result name="redirectQuestions" type="redirectAction">
				<param name="actionName">Questionaction!selectQuestion</param>
			</result>
			
			<!-- 当返回的是redirectpapers时，重定向到一个请求上，访问getAllPapers!getAllPapers，获取所有试卷的信息 -->		
			<result name="redirectpapers" type="redirectAction">
				<param name="actionName">getAllPapersaction!getAllPapers</param>
			</result>
		</global-results>
		<action name="loginaction" class="action.LoginAction"></action>
		<action name="loginoutaction" class="action.LoginAction"></action>
		<action name="Questionaction" class="action.LoginAction" method="selectQuestion"></action>
		<action name="OneQuestionaction" class="action.LoginAction" method="selectOneQuestion"></action>
		<action name="showUpdateQuestionaction" class="action.LoginAction" method="showUpdateQuestion"></action>
		<action name="updateQuestionaction" class="action.LoginAction" method="updateQuestion"></action>
		<action name="delQuestionaction" class="action.LoginAction" method="delQuesion"></action>
		<action name="showAddQuestion" class="action.LoginAction" method="showAddQuestion"></action>
		<action name="addQuestionaction" class="action.LoginAction" method="addQuestion"></action>
		<action name="getAllPapersaction" class="action.LoginAction" method="getAllPapers"></action>
		<action name="showAddPapersaction" class="action.LoginAction" method="showAddPapers"></action>
		<action name="addPapersaction" class="action.LoginAction" method="addPapers"></action>
	</package>
</struts>    
