<?xml version="1.0" encoding="UTF-8" ?>
<!DOCTYPE struts PUBLIC "-//Apache Software Foundation//DTD Struts Configuration 2.1//EN" "http://struts.apache.org/dtds/struts-2.1.dtd">
<struts>
	<package name="" extends="struts-default">
	<global-results>
		<result name="success">admain.jsp</result>
		<result name="error">index.jsp</result>

	</global-results>
	
	<!-- 进入判断身份是什么的方法 -->
	<action name="admainAction" class="action.TestAction"></action>
	<!-- 进入题库主界面 -->
	<action name="bankAction" class="action.TestAction" method="bankAction">
		<result name="bankAction">showQb.jsp</result>
	</action>
	
	<action name="selectOne" class="action.TestAction" method="selectOne">
		<result name="selectOne">selectOne.jsp</result>
	</action>

	<action name="addQuestion" class="action.TestAction" method="addQuestion">
		<result name="addQuestion">addQuestion.jsp</result>
	</action>
	<!-- 从题库界面添加试题 -->
	<action name="addOkAction" class="action.TestAction" method="addOkAction">
		<result name="addOk" type="redirectAction">
			<param name="actionName">bankAction!bankAction</param>
		</result>
	</action>
	
	<action name="delAction" class="action.TestAction" method="delAction">
		<result name="delAction" type="redirectAction">
			<param name="actionName">bankAction!bankAction</param>
		</result>
	</action>
	<!-- 试卷管理 -->
	<action name="paperAction" class="action.TestAction" method="paperAction">
		<result name="paperAction">paperAction.jsp</result>
	</action>
	
	<!-- 随机组卷 -->
	<action name="SHOWaddPaper" class="action.TestAction" method="SHOWaddPaper">
		<result name="SHOWaddPaper">addPaper.jsp</result>
	</action>
	<action name="addOkPaper" class="action.TestAction" method="addOkPaper">
		<result name="addOkPAPER" type="redirectAction">
			<param name="actionName">addOkPaper!addOkPaper</param>
		</result>
	</action>
	
</package>
</struts>    
