<?xml version="1.0"?>
<!DOCTYPE hibernate-mapping PUBLIC
        "-//Hibernate/Hibernate Mapping DTD 3.0//EN"
        "http://hibernate.sourceforge.net/hibernate-mapping-3.0.dtd">
<hibernate-mapping>
	<class name="domain.Admin" table="t_admin">
		<id name="aid" column="aid">
			<generator class="native">
			</generator>
		</id>
		<property name="aname" column="aname" not-null="true" ></property>
		<property name="pwd" column="pwd" not-null="true" ></property>
	</class>

</hibernate-mapping>