<?xml version="1.0"?>
<!DOCTYPE hibernate-mapping PUBLIC
        "-//Hibernate/Hibernate Mapping DTD 3.0//EN"
        "http://hibernate.sourceforge.net/hibernate-mapping-3.0.dtd">
        <hibernate-mapping>
        	<class name="domain.Classes" table="t_classes">
        	<!-- 主键配置 -->
        		<id name="cid" column="cid">
        		<!-- 主键生成 -->
        			<generator class="native"></generator>
        		</id>
        		<property name="cname" column="cname" not-null="true"  ></property>
        		<property name="cNo" column="cNo" not-null="true"  ></property>
        		<property name="ctime" column="ctime" not-null="true"  ></property>
        		<property name="cstatus" column="cstatus" not-null="true"  ></property>
        		<set name="teacherSet" inverse="true" cascade="save-update" >
        			<key column="classes_id"></key>
        			<one-to-many class="domain.Teacher"/>
        		</set>
        		<set name="studentSet" inverse="true" cascade="save-update" >
        			<key column="classes_id"></key>
        			<one-to-many class="domain.Students"/>
        		</set>
        	</class>
        </hibernate-mapping>