<?xml version="1.0"?>
<!DOCTYPE hibernate-mapping PUBLIC
        "-//Hibernate/Hibernate Mapping DTD 3.0//EN"
        "http://hibernate.sourceforge.net/hibernate-mapping-3.0.dtd">
        <hibernate-mapping>
        	<class name="domain.Students" table="t_students">
        	<!-- 主键配置 -->
        		<id name="sid" column="sid">
        		<!-- 主键生成 -->
        			<generator class="native"></generator>
        		</id>
        		
        		<property name="sNo" column="sNo" not-null="true"  ></property>
        		<property name="pwd" column="pwd" not-null="true"  ></property>
        		<property name="sname" column="sname" not-null="true"  ></property>
        		<property name="sphone" column="sphone" ></property>
        		
        		<many-to-one name="classes"  column="classes_id" class="domain.Classes"></many-to-one>
        		
        	</class>
        </hibernate-mapping>