<?xml version="1.0"?>
<!DOCTYPE hibernate-mapping PUBLIC
        "-//Hibernate/Hibernate Mapping DTD 3.0//EN"
        "http://hibernate.sourceforge.net/hibernate-mapping-3.0.dtd">
        <hibernate-mapping package="domain">
        	<class name="Teacher" table="t_teacher">
        	<!-- 主键配置 -->
        		<id name="tid" column="tid">
        		<!-- 主键生成 -->
        			<generator class="native"></generator>
        		</id>
        		<property name="tNo" column="tNo" not-null="true"  ></property>
        		<property name="pwd" column="pwd" not-null="true"  ></property>
        		<property name="tname" column="tname" not-null="true"  ></property>
        		<property name="tsex" column="tsex" not-null="true"  ></property>
        		<property name="tbirthday" column="tbirthday" ></property>
        		<property name="telphone" column="telphone" not-null="true"  ></property>
        		<property name="job" column="job"   ></property>
        		<many-to-one name="classes"  column="classes_id" class="domain.Classes"></many-to-one>
        	</class>
        </hibernate-mapping>