<?xml version="1.0" encoding="UTF-8"?>
<!DOCTYPE hibernate-mapping PUBLIC
        "-//Hibernate/Hibernate Mapping DTD 3.0//EN"
        "http://hibernate.sourceforge.net/hibernate-mapping-3.0.dtd">
	<hibernate-mapping package="domain">
		<class table="t_testPaper" name="TestPaper">
		<id name="tid" column="tid">
		<generator class="native"/>
		</id>
		
		<property name="tpName" column="tpName"/>
<!--	<property name="state" column="state"/>
    	<property name="startTime" column="startTime"/> -->	
		<property name="minute" column="minute"/>  
		<property name="countage" column="countage"/>
		<property name="average" column="average"/>
		<property name="coun" column="coun"/>
		
		<set table="t_tiku_testPaper" name="topicSet">
		<key column="testPaper_id"/>
		<many-to-many column="tiku_id" class="TestPaper"/>
		</set>
		
		</class>
	</hibernate-mapping>