<?xml version="1.0"?>
<!DOCTYPE hibernate-mapping PUBLIC
        "-//Hibernate/Hibernate Mapping DTD 3.0//EN"
        "http://hibernate.sourceforge.net/hibernate-mapping-3.0.dtd">
        <hibernate-mapping package="domain">
        	<class name="TiKu" table="t_tiku">
        	<!-- 主键配置 -->
        		<id name="tkid" column="tkid">
        		<!-- 主键生成 -->
        			<generator class="native"></generator>
        		</id>
        		<property name="direction" column="direction" not-null="true"  ></property>
        		<property name="keMu" column="keMu"  ></property>
        		<property name="tiType" column="tiType"   ></property>
        		<property name="tiTitle" column="tiTitle" ></property>
        		<property name="optionA" column="optionA" ></property>
        		<property name="optionB" column="optionB"  ></property>
        		<property name="optionC" column="optionC" ></property>
        		<property name="optionD" column="optionD"  ></property>
        		<property name="answer" column="answer"   ></property>
        		<property name="difficult" column="difficult" ></property>
        		<property name="jiWrite" column="jiWrite" not-null="true"></property>
        		
        		<set table="t_tiku_testPaper" name="tiSet" lazy="false">
					<key column="tiku_id"/>
					<many-to-many column="testPaper_id" class="TiKu"/>
				</set>
        		
        	</class>
        </hibernate-mapping>