<?xml version='1.0' encoding='UTF-8'?>
<!DOCTYPE hibernate-configuration PUBLIC
          "-//Hibernate/Hibernate Configuration DTD 3.0//EN"
          "http://hibernate.sourceforge.net/hibernate-configuration-3.0.dtd">

<!-- Generated by MyEclipse Hibernate Tools.                   -->
<hibernate-configuration>

<session-factory>
	<property name="dialect">
		org.hibernate.dialect.OracleDialect
	</property>
	<property name="connection.url">
		jdbc:oracle:thin:@192.168.0.106:1521:orcl
	</property>
	<property name="connection.username">scott</property>
	<property name="connection.password">tiger</property>
	<property name="connection.driver_class">
		oracle.jdbc.OracleDriver
	</property>
	<property name="myeclipse.connection.profile">orcl1</property>
	<property name="hbm2ddl.auto">update</property>
	<property name="format_sql">true</property>
	<property name="show_sql">true</property>
	<mapping resource="dao/Dept.hbm.xml" />

</session-factory>

</hibernate-configuration>