<?xml version="1.0" encoding="UTF-8" ?>
<!DOCTYPE struts PUBLIC "-//Apache Software Foundation//DTD Struts Configuration 2.1//EN" "http://struts.apache.org/dtds/struts-2.1.dtd">
<struts>
	
<package name="" extends="struts-default" >
		<!-- 该标签下配置的都是全局结果 -->
		<global-results>				
			<result name="index" >index.jsp</result>
			<result name="showQuestion">showquestion.jsp</result>
			<result name="questiontopic">questiontopic.jsp</result>		
			<result name="showAddTopic">addTopic.jsp</result>
			<result name="showUpdateTopic">updateTopic.jsp</result>		
			<result name="showPaper">showPaper.jsp</result>
			<result name="showAddPaper">addPaper.jsp</result>
			<result name="adminShowPaperQuestion">adminShowPaperQuestion.jsp</result>
			<result name="showAddPaperTestClass">addPaperTestClass.jsp</result>
			<result name="error">error.jsp</result>
			<!-- 当返回的是redirectQuestions时，重定向到一个请求上，访问selectQuestion!selectQuestion，获取所有题库的信息 -->		
			<result name="redirectQuestions" type="redirectAction">
				<param name="actionName">selectQuestion!selectQuestion</param>
			</result>
			<!-- 当返回的是redirectpaper时，重定向到一个请求上，访问getAllPaper!getAllPaper，获取所有试卷的信息 -->
			<result name="redirectpaper" type="redirectAction">
				<param name="actionName">getAllPaper!getAllPaper</param>
			</result>			
		</global-results>	
		<action name="loginAction" class="action.loginAction" method="login">		
		</action>
		<action name="selectQuestion" class="action.loginAction" method="selectQuestion">
		</action>
		<action name="selectOneQuestion" class="action.loginAction" method="selectOneQuestion">
		</action>
		<action name="showAddTopic" class="action.loginAction" method="showAddTopic">
		</action>
		<action name="showUpdateTopic" class="action.loginAction" method="showUpdateTopic">
		</action>
		<action name="delTopic" class="action.loginAction" method="delTopic">
		</action>
		
		<action name="getAllPaper" class="action.loginAction" method="getAllPaper">
		</action>
		<action name="showAddPaper" class="action.loginAction" method="showAddPaper">
		</action>
		<action name="addPaper" class="action.loginAction" method="addPaper">
		</action>
		<action name="showAddPaperTestClasses" class="action.loginAction" method="showAddPaperTestClasses">
		</action>
		<action name="onePaperQuestion" class="action.loginAction" method="getOnePaperAllQuestion">
		</action>
		<action name="delPaper" class="action.loginAction" method="delPaper">
		</action>
</package>

</struts>    
