<?xml version="1.0" encoding="utf-8"?>
<!DOCTYPE hibernate-mapping PUBLIC "-//Hibernate/Hibernate Mapping DTD 3.0//EN"
"http://hibernate.sourceforge.net/hibernate-mapping-3.0.dtd">
<!-- 
    Mapping file autogenerated by MyEclipse Persistence Tools
-->
<hibernate-mapping>
    <class name="bean.Administrator" table="administrator">
        <id name="admid" type="java.lang.Integer">
            <column name="admid" />
            <generator class="assigned" />
        </id>
        <property name="admname" type="java.lang.String">
            <column name="admname" length="50" not-null="true" />
        </property>
        <property name="admpwd" type="java.lang.String">
            <column name="admpwd" length="50" not-null="true" />
        </property>
    </class>
</hibernate-mapping>
