<?xml version="1.0" encoding="utf-8"?>
<!DOCTYPE hibernate-mapping PUBLIC "-//Hibernate/Hibernate Mapping DTD 3.0//EN"
"http://hibernate.sourceforge.net/hibernate-mapping-3.0.dtd">
<!-- 
    Mapping file autogenerated by MyEclipse Persistence Tools
-->
<hibernate-mapping>
    <class name="bean.Clas" table="clas">
        <id name="clid" type="java.lang.Integer">
            <column name="clid" />
            <generator class="assigned" />
        </id>
        <property name="clname" type="java.lang.String">
            <column name="clname" length="50" not-null="true" />
        </property>
        <set name="papers" table="shijuanbanji">
            <key>
                <column name="clid" not-null="true" />
            </key>
            <many-to-many class="bean.Paper" column="paid"></many-to-many>
        </set>
        
        <set name="classs" inverse="true">
            <key>
                <column name="clid" not-null="true" />
            </key>
            <one-to-many class="bean.Student" />
        </set>
    </class>
</hibernate-mapping>
