<?xml version="1.0" encoding="utf-8"?>
<!DOCTYPE hibernate-mapping PUBLIC "-//Hibernate/Hibernate Mapping DTD 3.0//EN"
"http://hibernate.sourceforge.net/hibernate-mapping-3.0.dtd">
<!-- 
    Mapping file autogenerated by MyEclipse Persistence Tools
-->
<hibernate-mapping>
    <class name="bean.Cunti" table="cunti">
        <id name="ctid" type="java.lang.Integer">
            <column name="ctid" />
            <generator class="assigned" />
        </id>
        <many-to-one name="topic" class="bean.Topic" fetch="select">
            <column name="topid" not-null="true" />
        </many-to-one>
        <many-to-one name="paper" class="bean.Paper" fetch="select">
            <column name="paid" not-null="true" />
        </many-to-one>
    </class>
</hibernate-mapping>
