<?xml version="1.0" encoding="utf-8"?>
<!DOCTYPE hibernate-mapping PUBLIC "-//Hibernate/Hibernate Mapping DTD 3.0//EN"
"http://hibernate.sourceforge.net/hibernate-mapping-3.0.dtd">
<!-- 
    Mapping file autogenerated by MyEclipse Persistence Tools
-->
<hibernate-mapping>
    <class name="bean.Difficulty" table="difficulty">
        <id name="difid" type="java.lang.Integer">
            <column name="difid" />
            <generator class="native" />
        </id>
        <property name="difname" type="java.lang.String">
            <column name="difname" length="50" not-null="true" />
        </property>
        <set name="topics" inverse="true">
            <key>
                <column name="difid" not-null="true" />
            </key>
            <one-to-many class="bean.Topic" />
        </set>
    </class>
</hibernate-mapping>
