<?xml version="1.0" encoding="utf-8"?>
<!DOCTYPE hibernate-mapping PUBLIC "-//Hibernate/Hibernate Mapping DTD 3.0//EN"
"http://hibernate.sourceforge.net/hibernate-mapping-3.0.dtd">
<!-- 
    Mapping file autogenerated by MyEclipse Persistence Tools
-->
<hibernate-mapping>
    <class name="bean.Lecturer" table="lecturer">
        <id name="lecid" type="java.lang.Integer">
            <column name="lecid" />
            <generator class="assigned" />
        </id>
        <property name="lecname" type="java.lang.String">
            <column name="lecname" length="50" not-null="true" />
        </property>
        <property name="lecpwd" type="java.lang.String">
            <column name="lecpwd" length="50" not-null="true" />
        </property>
    </class>
</hibernate-mapping>
