<?xml version="1.0" encoding="utf-8"?>
<!DOCTYPE hibernate-mapping PUBLIC "-//Hibernate/Hibernate Mapping DTD 3.0//EN"
"http://hibernate.sourceforge.net/hibernate-mapping-3.0.dtd">
<!-- 
    Mapping file autogenerated by MyEclipse Persistence Tools
-->
<hibernate-mapping>
    <class name="bean.Paper" table="paper">
        <id name="paid" type="java.lang.Integer">
            <column name="paid" />
            <generator class="native" />
        </id>
        <many-to-one name="subject" class="bean.Subject" fetch="select">
            <column name="subid" not-null="true" />
        </many-to-one>
        <property name="headline" type="java.lang.String">
            <column name="headline" length="50" not-null="true" />
        </property>
        <property name="time" type="java.lang.Integer">
            <column name="time" not-null="true" />
        </property>
        <property name="state" type="java.lang.String">
            <column name="state" length="50" not-null="true" />
        </property>
        
        <property name="fenshu" type="java.lang.Integer">
            <column name="fenshu"  not-null="true" />
        </property>
        
        <property name="tishu" type="java.lang.Integer">
            <column name="tishu"  not-null="true" />
        </property>
        
        <property name="kaishishijian" type="java.lang.String">
            <column name="kaishishijian" length="50" />
        </property>
        
       <set name="classs" table="shijuanbanji">
            <key>
                <column name="paid" not-null="true" />
            </key>
            <many-to-many class="bean.Clas" column="clid"></many-to-many>
        </set>
        <set name="topics" table="cunti">
            <key>
                <column name="paid" not-null="true" />
            </key>
            <many-to-many class="bean.Topic" column="topid"></many-to-many>
        </set>
    </class>
</hibernate-mapping>
