<?xml version="1.0" encoding="utf-8"?>
<!DOCTYPE hibernate-mapping PUBLIC "-//Hibernate/Hibernate Mapping DTD 3.0//EN"
"http://hibernate.sourceforge.net/hibernate-mapping-3.0.dtd">
<!-- 
    Mapping file autogenerated by MyEclipse Persistence Tools
-->
<hibernate-mapping>
    <class name="bean.Phase" table="phase" >
        <id name="phid" type="java.lang.Integer">
            <column name="phid" />
            <generator class="assigned" />
        </id>
        <property name="phname" type="java.lang.String">
            <column name="phname" length="50" not-null="true" />
        </property>
        <set name="subjects" inverse="true" table="subject">
            <key>
                <column name="phid" not-null="true" />
            </key>
          <many-to-many class="bean.Direction"></many-to-many>
        </set>
    </class>
</hibernate-mapping>
