<?xml version="1.0" encoding="utf-8"?>
<!DOCTYPE hibernate-mapping PUBLIC "-//Hibernate/Hibernate Mapping DTD 3.0//EN"
"http://hibernate.sourceforge.net/hibernate-mapping-3.0.dtd">
<!-- 
    Mapping file autogenerated by MyEclipse Persistence Tools
-->
<hibernate-mapping>
    <class name="bean.Shijuanbanji" table="shijuanbanji">
        <id name="sbid" type="java.lang.Integer">
            <column name="sbid" />
            <generator class="assigned" />
        </id>
        <many-to-one name="clas" class="bean.Clas" fetch="select">
            <column name="clid" />
        </many-to-one>
        <many-to-one name="paper" class="bean.Paper" fetch="select">
            <column name="paid" not-null="true" />
        </many-to-one>
    </class>
</hibernate-mapping>
