<?xml version="1.0" encoding="utf-8"?>
<!DOCTYPE hibernate-mapping PUBLIC "-//Hibernate/Hibernate Mapping DTD 3.0//EN"
"http://hibernate.sourceforge.net/hibernate-mapping-3.0.dtd">
<!-- 
    Mapping file autogenerated by MyEclipse Persistence Tools
-->
<hibernate-mapping>
    <class name="bean.Student" table="student" >
        <id name="stuid" type="java.lang.Integer">
            <column name="stuid" />
            <generator class="assigned" />
        </id>
        <property name="stuname" type="java.lang.String">
            <column name="stuname" length="50" not-null="true" />
        </property>
        <property name="stupwd" type="java.lang.String">
            <column name="stupwd" length="50" not-null="true" />
        </property>
        
        <many-to-one name="clas" class="bean.Clas" fetch="select">
            <column name="clid" not-null="true" />
        </many-to-one>
        
    </class>
</hibernate-mapping>
