<?xml version="1.0" encoding="utf-8"?>
<!DOCTYPE hibernate-mapping PUBLIC "-//Hibernate/Hibernate Mapping DTD 3.0//EN"
"http://hibernate.sourceforge.net/hibernate-mapping-3.0.dtd">
<!-- 
    Mapping file autogenerated by MyEclipse Persistence Tools
-->
<hibernate-mapping>
    <class name="bean.Subject" table="subject">
        <id name="subid" type="java.lang.Integer">
            <column name="subid" />
            <generator class="assigned" />
        </id>
        <many-to-one name="direction" class="bean.Direction" fetch="select">
            <column name="dirid" not-null="true" />
        </many-to-one>
        <many-to-one name="phase" class="bean.Phase" fetch="select">
            <column name="phid" not-null="true" />
        </many-to-one>
        <property name="subname" type="java.lang.String">
            <column name="subname" length="50" not-null="true" />
        </property>
        <set name="topics" inverse="true">
            <key>
                <column name="subid" not-null="true" />
            </key>
            <one-to-many class="bean.Topic" />
        </set>
        <set name="papers" inverse="true">
            <key>
                <column name="subid" not-null="true" />
            </key>
            <one-to-many class="bean.Paper" />
        </set>
    </class>
</hibernate-mapping>
