<?xml version="1.0" encoding="utf-8"?>
<!DOCTYPE hibernate-mapping PUBLIC "-//Hibernate/Hibernate Mapping DTD 3.0//EN"
"http://hibernate.sourceforge.net/hibernate-mapping-3.0.dtd">
<!-- 
    Mapping file autogenerated by MyEclipse Persistence Tools
-->
<hibernate-mapping>
    <class name="bean.Topic" table="topic">
        <id name="topid" type="java.lang.Integer">
            <column name="topid" />
            <generator class="assigned" />
        </id>
        <many-to-one name="difficulty" class="bean.Difficulty" fetch="select">
            <column name="difid" not-null="true" />
        </many-to-one>
        <many-to-one name="subject" class="bean.Subject" fetch="select">
            <column name="subid" not-null="true" />
        </many-to-one>
        <many-to-one name="type" class="bean.Type" fetch="select">
            <column name="tyid" not-null="true" />
        </many-to-one>
        <property name="conten" type="java.lang.String">
            <column name="conten" length="500" not-null="true" />
        </property>
        <property name="a" type="java.lang.String">
            <column name="a" length="50" not-null="true" />
        </property>
        <property name="b" type="java.lang.String">
            <column name="b" length="50" not-null="true" />
        </property>
        <property name="c" type="java.lang.String">
            <column name="c" length="50" not-null="true" />
        </property>
        <property name="d" type="java.lang.String">
            <column name="d" length="50" not-null="true" />
        </property>
        <property name="answer" type="java.lang.String">
            <column name="answer" length="50" not-null="true" />
        </property>
        <set name="cuntis" inverse="true">
            <key>
                <column name="topid" not-null="true" />
            </key>
            <one-to-many class="bean.Cunti" />
        </set>
         <set name="papers" table="cunti">
            <key>
                <column name="topid" not-null="true" />
            </key>
            <many-to-many class="bean.Paper" column="paid"></many-to-many>
        </set>
    </class>
</hibernate-mapping>
