<?xml version="1.0" encoding="utf-8"?>
<!DOCTYPE hibernate-mapping PUBLIC "-//Hibernate/Hibernate Mapping DTD 3.0//EN"
"http://hibernate.sourceforge.net/hibernate-mapping-3.0.dtd">
<!-- 
    Mapping file autogenerated by MyEclipse Persistence Tools
-->
<hibernate-mapping>
    <class name="bean.Type" table="type">
        <id name="tyid" type="java.lang.Integer">
            <column name="tyid" />
            <generator class="assigned" />
        </id>
        <property name="tyname" type="java.lang.String">
            <column name="tyname" length="50" not-null="true" />
        </property>
        <set name="topics" inverse="true">
            <key>
                <column name="tyid" not-null="true" />
            </key>
            <one-to-many class="bean.Topic" />
        </set>
        
    </class>
</hibernate-mapping>
