<?xml version='1.0' encoding='UTF-8'?>
<!DOCTYPE hibernate-configuration PUBLIC
          "-//Hibernate/Hibernate Configuration DTD 3.0//EN"
          "http://hibernate.sourceforge.net/hibernate-configuration-3.0.dtd">

<!-- Generated by MyEclipse Hibernate Tools.                   -->
<hibernate-configuration>

<session-factory>
	<property name="dialect">
		org.hibernate.dialect.SQLServerDialect
	</property>
	<property name="connection.url">jdbc:sqlserver://127.0.0.1:1433;DatabaseName=test</property>
	<property name="connection.username">sa</property>
	<property name="connection.password">123</property>
	<property name="connection.driver_class">
		com.microsoft.sqlserver.jdbc.SQLServerDriver
	</property>
	<property name="myeclipse.connection.profile">sqlserver</property>
	<property name="format_sql">true</property>
	<property name="show_sql">true</property>
	<property name="hbm2ddl.auto">update</property>
	<mapping resource="domain/Admain.hbm.xml" />
	<mapping resource="domain/Classes.hbm.xml" />
	<mapping resource="domain/Paper.hbm.xml" />
	<mapping resource="domain/Question.hbm.xml" />
	<mapping resource="domain/Student.hbm.xml" />
	<mapping resource="domain/Teacher.hbm.xml" />

</session-factory>

</hibernate-configuration>