<?xml version="1.0" encoding="UTF-8"?>
<!DOCTYPE hibernate-mapping PUBLIC
        "-//Hibernate/Hibernate Mapping DTD 3.0//EN"
        "http://hibernate.sourceforge.net/hibernate-mapping-3.0.dtd">

<hibernate-mapping package="domain">
	<!-- 配置的文件对应的类 -->
	<class name="Admin" table="t_Admin">
	
	
	
		<!-- 配置主键-->
		<id name="aId" column="aId">
			<!-- 主键生成策略 -->
			<generator class="native"></generator>
		</id>
		<!-- 主键外的其他属性 -->
		<property name="userName" column="userName" length="20"></property>
		<property name="pwd" column="pwd" length="20"></property>
		
	</class>
</hibernate-mapping>
















