<?xml version="1.0" encoding="UTF-8"?>
<!DOCTYPE hibernate-mapping PUBLIC
        "-//Hibernate/Hibernate Mapping DTD 3.0//EN"
        "http://hibernate.sourceforge.net/hibernate-mapping-3.0.dtd">

<hibernate-mapping package="domain">

	<!-- 配置的文件对应的类 -->
	<class name="Students" table="t_Students">
	
		<!-- 配置主键-->
		<id name="sId" column="sId">
			<!-- 主键生成策略 -->
			<generator class="native"></generator>
		</id>
		<!-- 主键外的其他属性 -->
		<property name="userName" column="userName" length="20"></property>
		<property name="pwd" column="pwd" length="20"></property>
		<property name="sName" length="20"></property>
		<property name="sex" length="2"></property>
		<property name="schoolDate" length="2"></property>
		<property name="birthday" length="30"></property>
		<property name="address" length="30"></property>
		<property name="telPhone" length="12"></property>
		<many-to-one name="classes" class="Classes" column="classes_id"  ></many-to-one>
		
	</class>
</hibernate-mapping>
