<?xml version="1.0" encoding="UTF-8"?>
<!DOCTYPE hibernate-mapping PUBLIC
        "-//Hibernate/Hibernate Mapping DTD 3.0//EN"
        "http://hibernate.sourceforge.net/hibernate-mapping-3.0.dtd">

<hibernate-mapping package="domain">
	<!-- 配置的文件对应的类 -->
	<class name="Subject" table="t_Subject">
		<!-- 配置主键-->
		<id name="id" column="id">
			<!-- 主键生成策略 -->
			<generator class="native"></generator>
		</id>
		<!-- 主键外的其他属性 -->
		<property name="major" column="major" length="20"></property>
		<property name="stage" column="stage" length="20"></property>
		<property name="subjectId" column="subjectId" length="20"></property>
		
	</class>
</hibernate-mapping>
















