<?xml version="1.0" encoding="UTF-8"?>
<!DOCTYPE hibernate-mapping PUBLIC
        "-//Hibernate/Hibernate Mapping DTD 3.0//EN"
        "http://hibernate.sourceforge.net/hibernate-mapping-3.0.dtd">
<hibernate-mapping>
	<class name="domain.Classes" table="classes">
		<id name="cid" column="cid">
			<generator class="native"></generator>
		</id>
	
	<property name="classNo" column="classNo"></property>
	<property name="cname" column="cname"></property>
	<property name="direction" column="direction"></property>
	<property name="headteacher" column="headteacher"></property>
	<property name="lecture" column="lecture"></property>
	<property name="cdate" column="cdate"></property>
	<property name="state" column="state"></property>
	<property name="remark" column="remark" length="200"></property>
	
	
	<set name="studentSet">
		<key column="classes_id">
		</key>
		<one-to-many class="domain.Students"/>
	</set>
	<set name="paperSet" lazy="false" table="papers_classes">
			<key column="cid"></key>
			<many-to-many class="domain.Papers" column="pid"></many-to-many>
		</set>
	</class>
</hibernate-mapping>