<?xml version="1.0" encoding="UTF-8"?>
<!DOCTYPE hibernate-mapping PUBLIC
        "-//Hibernate/Hibernate Mapping DTD 3.0//EN"
        "http://hibernate.sourceforge.net/hibernate-mapping-3.0.dtd">
<hibernate-mapping>
	<class name="domain.Question" table="question">
		<id name="qid" column="qid">
			<generator class="native"></generator>
		</id>
	<property name="major" column="major"></property>
	<property name="stage"  column="stage"></property>
	<property name="difficulty" column="difficulty"></property>
	<property name="selects" column="selects"></property>
	<property name="neirong" column="neirong"></property>
	<property name="optionA" column="optionA"></property>
	<property name="optionB" column="optionB"></property>
	<property name="optionC" column="optionC"></property>
	<property name="optionD" column="optionD"></property>
	<property name="answer" column="answer"></property>
	
	<property name="type" column="type"></property>
	
	
		<set name="paperSet"  table="papers_question">
			<key column="qid"></key>
			<many-to-many class="domain.Papers" column="pid" ></many-to-many>
		</set>
	
	</class>
</hibernate-mapping>