<?xml version="1.0" encoding="UTF-8"?>
<!DOCTYPE hibernate-mapping PUBLIC
        "-//Hibernate/Hibernate Mapping DTD 3.0//EN"
        "http://hibernate.sourceforge.net/hibernate-mapping-3.0.dtd">
<hibernate-mapping>
	<class name="domain.Students" table="students">
		<id name="sid" column="sid">
			<generator class="native"></generator>
		</id>
	
	<property name="studyNo" column="studyNo"></property>
	<property name="sname" column="sname"></property>
	<property name="ssex" column="ssex"></property>
	<property name="syear" column="syear"></property>
	<property name="sbirthday" column="sbirthday"></property>
	<property name="stelephone" column="stelephone"></property>
	<property name="sparentsTel" column="sparentsTel"></property>
	<property name="idCard" column="idCard"></property>
	<property name="zhengzhi" column="zhengzhi"></property>
	<property name="shengFen" column="shengFen"></property>
	<property name="city" column="city"></property>
	<property name="major" column="major"></property>
	<property name="jiududirection" column="jiududirection"></property>
	<property name="Address" column="Address"></property>
	<property name="spwd" column="spwd"></property>
	<property name="releation" column="releation"></property>
	<property name="sushe" column="sushe"></property>
	<property name="susheNo" column="susheNo"></property>
	<property name="baseInfo" column="baseInfo"></property>
	<property name="educationBj" column="educationBj"></property>
	<property name="image" column="image"></property>

	
	<many-to-one name="classes" column="classes_id" class="domain.Classes"></many-to-one>
	</class>
</hibernate-mapping>