<?xml version="1.0" encoding="UTF-8"?>
<!DOCTYPE hibernate-mapping PUBLIC
        "-//Hibernate/Hibernate Mapping DTD 3.0//EN"
        "http://hibernate.sourceforge.net/hibernate-mapping-3.0.dtd">
<hibernate-mapping>
	<class name="domain.Teacher" table="teacher">
		<id name="tid" column="tid">
			<generator class="native"></generator>
		</id>
	
	<property name="tcount" column="tcount"></property>
	<property name="tname" column="tname"></property>
	<property name="tpwd" column="tpwd"></property>
	<property name="tsex" column="tsex"></property>
	<property name="tbirthday" column="tbirthday"></property>
	<property name="teducation" column="teducation"></property>
	<property name="ttelphone" column="ttelphone"></property>
	<property name="tjob" column="tjob"></property>
	<property name="tremarks" column="tremarks"></property>
	
	<set name="classesteaset" >
        			<key column="tea"></key>
        			<one-to-many class="domain.Classes"/>
        		</set>
        		
     <set name="classeslecset" >
        			<key column="lec"></key>
        			<one-to-many class="domain.Classes"/>
     </set>
	</class>
</hibernate-mapping>