<?xml version="1.0" encoding="UTF-8"?>
<!DOCTYPE hibernate-mapping PUBLIC
        "-//Hibernate/Hibernate Mapping DTD 3.0//EN"
        "http://hibernate.sourceforge.net/hibernate-mapping-3.0.dtd">
        
        <hibernate-mapping package="domain">
        	<class name="Classes" table="classes">
        		<id name="id" column="id"> 
        			<generator class="native"></generator>
        		</id>
        		<!-- 普通属性的配置 -->
        		<property name="classDaima" column="classDaima" length="30"></property>
        		<property name="className" column="classname" length="30"></property>
        		<property name="fangxiang" column="fangxiang" length="30"></property>
        		<property name="begainDate" column="begainDate"></property>
        		<property name="zhuangTai" column="zhuangTai" length="30"></property>
        		<property name="beizhu" column="beizhu"></property>
        		
        		<!-- 反转 -->
        		<set name="studentSet" inverse="true" lazy="false">
        			<key column="classes_id"></key>
        			<one-to-many class="Students"/>
        		</set>
        		<many-to-one class="Teachers" name="tea" column="tea" ></many-to-one>
        		<many-to-one class="Teachers" name="teachers" column="teachers" ></many-to-one>
        		<set name="papers" table="papers_classes" lazy="false">
        		 	<key column="cid"></key>
        		 	<many-to-many column="tid" class="TestPaper" lazy="false"></many-to-many>
        		</set>
        	</class>
        </hibernate-mapping>
