<?xml version="1.0" encoding="UTF-8"?>
<!DOCTYPE hibernate-mapping PUBLIC
        "-//Hibernate/Hibernate Mapping DTD 3.0//EN"
        "http://hibernate.sourceforge.net/hibernate-mapping-3.0.dtd">
        
        <hibernate-mapping package="domain">
        	<class name="Questions" table="questions">
        		<id name="qid" column="qid"> 
        			<generator class="native"></generator>
        		</id>
        		<!-- 普通属性的配置 -->
        		<property name="countents" column="countents"></property>
        		<property name="optionA" column="optionA"></property>
        		<property name="optionB" column="optionB"></property>
        		<property name="optionC" column="optionC"></property>
        		<property name="optionD" column="optionD"></property>
        		<property name="difficulty" column="difficulty"></property>
        		<property name="chapter" column="chapter"></property>
        		<property name="types" column="types"></property>
        		<property name="mr" column="mr"></property>
        		<property name="direction" column="direction"></property>
        		<property name="answer" column="answer"></property>
        		<property name="subject" column="subject"></property>
        		<property name="stage" column="stage"></property>
        		<set name="papers" table="papers_questions">
        		 	<key column="qid"></key>
        		 	<many-to-many column="tid" class="TestPaper"></many-to-many>
        		</set>
        	</class>
        </hibernate-mapping>
