<?xml version="1.0" encoding="UTF-8"?>
<!DOCTYPE hibernate-mapping PUBLIC
        "-//Hibernate/Hibernate Mapping DTD 3.0//EN"
        "http://hibernate.sourceforge.net/hibernate-mapping-3.0.dtd">
        
        <hibernate-mapping package="domain">
        	<class name="Teachers" table="teachers">
        		<id name="id" column="id"> 
        			<generator class="native"></generator>
        		</id>
        		<!-- 普通属性的配置 -->
        		<property name="zhanghao" column="zhanghao" length="30"></property>
        		<property name="pwd" column="pwd"></property>
        		<property name="name" column="name"></property>
        		<property name="sex" column="sex"></property>
        		<property name="birthday" column="birthday"></property>
        		<property name="xueli" column="xueli"></property>
        		<property name="telephone" column="telephone"></property>
        		<property name="gangwei" column="gangwei"></property>
        		<property name="beizhu" column="beizhu"></property>
        		<set name="classes" inverse="true" cascade="save-update">
        			<key column="tea"></key>
        			<one-to-many class="Classes"/>
        		</set>
        		
        		<set name="classset" inverse="true" cascade="save-update">
        			<key column="teachers"></key>
        			<one-to-many class="Classes"/>
        		</set>
        		
        		
        	</class>
        
        </hibernate-mapping>
