<?xml version="1.0" encoding="UTF-8"?>
<!DOCTYPE hibernate-mapping PUBLIC
        "-//Hibernate/Hibernate Mapping DTD 3.0//EN"
        "http://hibernate.sourceforge.net/hibernate-mapping-3.0.dtd">
        
        <hibernate-mapping package="domain">
        	<class name="TestPaper" table="testPaper">
        		<id name="tid" column="tid"> 
        			<generator class="native"></generator>
        		</id>
        		<!-- 普通属性的配置 -->
        		<property name="average" column="average"></property>
        		<property name="title" column="title"></property>
        		<property name="newtime" column="newtime"></property>
        		<property name="hours" column="hours"></property>
        		<property name="subject" column="subject"></property>
        		<property name="types" column="types"></property>
        		<property name="countage" column="countage"></property>
        		<property name="coun" column="coun"></property>
        		<property name="state" column="state"></property>
        		<property name="classse" column="classse"></property>
        		<set name="questionsset" table="papers_questions" lazy="false">
        		 	<key column="tid"></key>
        		 	<many-to-many column="qid" class="Questions" lazy="false"></many-to-many>
        		</set>
        		<set name="classset" table="papers_classes">
        		 	<key column="tid"></key>
        		 	<many-to-many column="cid" class="Classes"></many-to-many>
        		</set>
        		<set name="students" table="students_papers">
        			<key column="tid"></key>
        			<many-to-many class="Students" column="sid"></many-to-many>
        		</set>
        	</class>
        </hibernate-mapping>
