<?xml version="1.0" encoding="UTF-8" ?>
<!DOCTYPE struts PUBLIC "-//Apache Software Foundation//DTD Struts Configuration 2.1//EN" "http://struts.apache.org/dtds/struts-2.1.dtd">
<struts>
    <package name="user" extends="struts-default" namespace="/user">
      <global-results>
        <result name="index">index.jsp</result>
        <result name="error">error.jsp</result>
        <result name="success" type="redirectAction">
			
				<param name="message">${message}</param>
			</result>
			<result name="delOnepaperQ" type="redirectAction">
			<param name="actionName">showPa!showPaper.action</param>
			</result>
			<result name="randompaper" type="redirectAction">
			<param name="actionName">showPa!showPaper.action</param>
		</result>
      </global-results>
   <action name="loginAction" class="action.LoginAction" method="login" >
   		 <result name="index">index.jsp</result>
   </action>
	
	
	<action name="quesListAction" class="action.QuestionAction" method="quesList">
		<result name="list"> questionList.jsp</result>
	</action>
	
	
	<action name="showAction" class="action.QuestionAction" method="show">
		<result name="show">showQuestion.jsp</result>
	</action>
   <action name="addAction" class="action.QuestionAction" method="getQues">
		<result name="getQues">questionList.jsp</result>
	</action>
 
 <action name="randomPaper" class="action.QuestionAction" method="randomP">
		<result name="listp">paperList.jsp</result>
	</action>
 
 <action name="showPa" class="action.QuestionAction" method="showPaper">
		<result name="showpaper">paperList.jsp</result>
	</action>
	
	
	<action name="getOneP" class="action.QuestionAction" method="getOnepaperQuestion">
		<result name="getOnepaperQ">showPaperQuestion.jsp</result>
	</action>
	
   </package>
</struts>    
