<?xml version="1.0" encoding="UTF-8"?>
<!DOCTYPE hibernate-mapping PUBLIC
        "-//Hibernate/Hibernate Mapping DTD 3.0//EN"
        "http://hibernate.sourceforge.net/hibernate-mapping-3.0.dtd">
<hibernate-mapping>
	<class name="domain.Classes" table="classes">
		<id name="id" column="id">
			<generator class="native">

			</generator>
		</id>
		<property name="className"></property>
	
<set name="studentSet"  inverse="true" cascade="save-update,delete">
<key column="classes_id" ></key>
<one-to-many  class="domain.Student"/>

</set>
<set name="teacherSet" inverse="true" cascade="save-update" >
        			<key column="classes_id"></key>
        			<one-to-many class="domain.Teacher"/>
        		</set>



<set name="paperSet" table="c_p"  lazy="false">
<key column="classes_id"></key>
<many-to-many column="paper_pid" class="domain.Paper">

</many-to-many>



</set>
	</class>
	
	
	
</hibernate-mapping>