<?xml version="1.0" encoding="UTF-8"?>
<!DOCTYPE hibernate-mapping PUBLIC
        "-//Hibernate/Hibernate Mapping DTD 3.0//EN"
        "http://hibernate.sourceforge.net/hibernate-mapping-3.0.dtd">
<hibernate-mapping>
<class name="domain.Paper" table="paper">
<id name="pid"  column="pid"> 
<generator class="native">


</generator>
</id>
<property name="subjectName"  ></property>
<property name="kind"  ></property>
<property name="title"  ></property>
<property name="className"  ></property>
<property name="testTime"  ></property>

<property name="testHour"  ></property>
<property name="totalScore"  ></property>
<property name="qnumber"  ></property>
<property name="state"  ></property>
<property name="avgScore"  ></property>


<set name="questionSet" table="p_q" inverse="true"  lazy="false">
<key column="paper_pid"></key>
<many-to-many column="question_qid" class="domain.Question">

</many-to-many>



</set>


<set name="classSet" table="c_p" inverse="true"  lazy="false">
<key column="paper_pid"></key>
<many-to-many column="classes_id" class="domain.Classes">

</many-to-many>



</set>


</class>
</hibernate-mapping>