<?xml version="1.0" encoding="UTF-8"?>
<!DOCTYPE hibernate-mapping PUBLIC
        "-//Hibernate/Hibernate Mapping DTD 3.0//EN"
        "http://hibernate.sourceforge.net/hibernate-mapping-3.0.dtd">
        
        <hibernate-mapping>
        	<class name="com.domain.Admin" table="tb_admin">
        		<id name="id" column="uid">
        		<generator class="native"></generator>
        		</id>
        		<property name="name" column="uName"></property>
        		<property name="pwd" column="pwd"></property>
        	</class>
        </hibernate-mapping>