<?xml version="1.0" encoding="UTF-8"?>
<!DOCTYPE hibernate-mapping PUBLIC
        "-//Hibernate/Hibernate Mapping DTD 3.0//EN"
        "http://hibernate.sourceforge.net/hibernate-mapping-3.0.dtd">
        
        <hibernate-mapping package="com.domain">
        	<class name="Classes" table="classes">
        		<id name="id" column="id"> 
        			<generator class="native"></generator>
        		</id>
        		<!-- 普通属性的配置 -->
        		<property name="classDaima" column="classDaima" length="30"></property>
        		<property name="className" column="classname" length="30"></property>
        		<property name="fangxiang" column="fangxiang" length="30"></property>
        		<property name="begainDate" column="begainDate"></property>
        		<property name="zhuangTai" column="zhuangTai" length="30"></property>
        		<property name="beizhu" column="beizhu"></property>
        		
        		<!-- 反转 -->
        		<set name="studentSet" inverse="true" cascade="save-update">
        			<key column="classes_id"></key>
        			<one-to-many class="Students"/>
        		</set>
        		<many-to-one class="Teacher" name="tea" column="tea" ></many-to-one>
        		<many-to-one class="Teacher" name="teachers" column="teachers" ></many-to-one>
        		
        		<set name="paperSet" table="tb_paper_classes">
					<key column="cid"></key>
					<many-to-many class="com.domain.Paper"></many-to-many>
				</set>
        	</class>
        </hibernate-mapping>
