<?xml version="1.0" encoding="UTF-8"?>
<!DOCTYPE hibernate-mapping PUBLIC
        "-//Hibernate/Hibernate Mapping DTD 3.0//EN"
        "http://hibernate.sourceforge.net/hibernate-mapping-3.0.dtd">
        
        <hibernate-mapping package="com.domain">
        	<class name="Students" table="students">
        		<id name="id" column="id"> 
        			<generator class="native"></generator>
        		</id>
        		<property name="pwd" column="pwd"></property>
        		<property name="xueHao" column="xueHao"></property>
        		<property name="studentName" column="studentName"></property>
        		<property name="sex" column="sex"></property>
        		<property name="inDate" column="inDate"></property>
        		<property name="birthday" column="birthday"></property>
        		<property name="idCard" column="idCard"></property>
        		<property name="zhengzLook" column="zhengzLook"></property>
        		<property name="shengFen" column="shengFen"></property>
        		<property name="city" column="city"></property>
        		<property name="zhuanYe" column="zhuanYe"></property>
        		<property name="jiudu" column="jiudu"></property>
        		<property name="telephone" column="telephone"></property>
        		<property name="liveAdress" column="liveAdress"></property>
        		<property name="parentsTel" column="parentsTel"></property>
        		<property name="releation" column="releation"></property>
        		<property name="sushe" column="sushe"></property>
        		<property name="susheNum" column="susheNum"></property>
        		<property name="baseInfo" column="baseInfo"></property>
        		<property name="edcutionBg" column="edcutionBg"></property>
        		<property name="beizhu" column="beizhu"></property>
        		
        		<many-to-one class="Classes" name="classes" column="classes_id" ></many-to-one>
        	</class>
        
        </hibernate-mapping>
