<?xml version="1.0" encoding="UTF-8" ?>
<!DOCTYPE struts PUBLIC "-//Apache Software Foundation//DTD Struts Configuration 2.1//EN" "http://struts.apache.org/dtds/struts-2.1.dtd">
<struts>
<package name="" extends="struts-default">
		
		<global-results>
			<result name="admins">index.jsp</result>
			<result name="error">login.jsp</result>
			<result name="login">login.jsp</result>
			
			<result name="showTiKu">tikuShow.jsp</result>
			<result name="tiku">tiKu.jsp</result>
			<result name="test">testList.jsp</result>
			<result name="addti">addti.jsp</result>
			<result name="toaddti">testList.jsp</result>
			
			<result name="student">stuList.jsp</result>
			<result name="addstu">addStudent.jsp</result>
			
			<result name="classes">classes.jsp</result>
			<result name="showClasses">addClass.jsp</result>
			<result name="toClasses">classes.jsp</result>
			
			<result name="testPaper">showPaper.jsp</result>
			<result name="showTestPaper">addPaper.jsp</result>
			<result name="toAddPaper">showPaper.jsp</result>
			<result name="toAddPaper">showPaper.jsp</result>
			
			<result name="scoreShow">managerScore.jsp</result>
			
			<!-- 学生登录页面 -->
			<result name="myMessage">personalInfo.jsp</result>
			<result name="testOnli">testOnLine.jsp</result>
			<result name="score">writeScore.jsp</result>
			
			
			<result name="success" type="redirectAction">
				<param name="actionName">indexUser!admins</param>
			</result>
			
		</global-results>
		<action name="loginUser" class="action.UserAction" method="admins">
		</action>
		<!-- 注销登录后返回登陆页面 -->
		<action name="returnLogin" class="action.UserAction" method="login">
		</action>
		<!-- 显示所有题库 -->
		<action name="showTiKu" class="action.UserAction" method="showTiKu"></action>
		<action name="toTiKu" class="action.UserAction" method="tiku"></action>
		<!--显示某一题库试题（主要为笔试）-->
		<action name="selectTest" class="action.UserAction" method="test"></action>
		<!--添加试题 -->
		<action name="addTest" class="action.UserAction" method="addti"> </action>
		<action name="toaddTest" class="action.UserAction" method="toaddti"> </action>
		<!-- 显示学生列表，添加学生 -->
		<action name="showStu" class="action.UserAction" method="student"></action>
		<action name="addStudent" class="action.UserAction" method="addstu"></action>
		<!-- 显示班级 列表，添加班级 -->
		<action name="classList" class="action.UserAction" method="classes"></action>
		<action name="showAddClass" class="action.UserAction" method="showClasses"></action>
		<action name="toAddClass" class="action.UserAction" method="toClasses"></action>
		<!-- 显示试卷列表，添加试卷 -->
		<action name="showTestPaper" class="action.UserAction" method="testPaper"></action>
		<action name="showAddTestPaper" class="action.UserAction" method="showTestPaper"></action>
		<action name="toAddTestPaper" class="action.UserAction" method="toAddPaper"></action>
		<action name="delTestPaper" class="action.UserAction" method="delPaper"></action>
		<!--考生成绩管理 -->
		<action name="scoreManager" class="action.UserAction" method="scoreShow"></action>
		<!-- 学生信息 -->
		<action name="showMyMesssge" class="action.UserAction" method="myMessage"></action>
		<action name="testOnline" class="action.UserAction" method="testOnli"></action>
		<action name="writeScore" class="action.UserAction" method="score"></action>
	
		
</package>

</struts>    
