<?xml version="1.0" encoding="UTF-8" ?>
<!DOCTYPE struts PUBLIC "-//Apache Software Foundation//DTD Struts Configuration 2.1//EN" "http://struts.apache.org/dtds/struts-2.1.dtd">
<struts>
<package name="" extends="struts-default">
	<global-results>
		<result name="listpaper">lookque.jsp</result>
		<result name="login">index.jsp</result>
		<result name="showpaper">paper.jsp</result>
		<result name="showaddpaper">addpaper.jsp</result>
		<result name="log">login.jsp</result>
		<result name="logout">login.jsp</result>
		<result name="questions">questions.jsp</result>
		<result name="listque">listque.jsp</result>
		<result name="showaddque">addque.jsp</result>
		<result name="boadring">boadring.jsp</result>
		<result name="online">students/online.jsp</result>
		<result name="updque">updque.jsp</result>
		<result name="exams">students/exam.jsp</result>
		<result name="success" type="redirectAction">
				<param name="actionName">questions!questions</param>
		</result>
		<result name="over" type="redirectAction">
				<param name="actionName">showpaper!showpaper</param>
		</result>
		<result name="error" type="redirectAction">
				<param name="actionName">showpaper!showpaper</param>
		</result>
	</global-results>
	<action name="exams" class="action.ExamAction" method="exams"></action>
	<action name="updq" class="action.ExamAction" method="updq"></action>
	<action name="updque" class="action.ExamAction" method="updque"></action>
	<action name="listpaper" class="action.ExamAction" method="listpaper"></action>
	<action name="online" class="action.ExamAction" method="online"></action>
	<action name="paepare" class="action.ExamAction" method="paepare"></action>
	<action name="boadring" class="action.ExamAction" method="boadring"></action>
	<action name="delpaper" class="action.ExamAction" method="delpaper"></action>
	<action name="addpaper" class="action.ExamAction" method="addpaper"></action>
	<action name="showaddpaper" class="action.ExamAction" method="showaddpaper"></action>
	<action name="showpaper" class="action.ExamAction" method="showpaper"></action>
	<action name="listque" class="action.ExamAction" method="listque"></action>
	<action name="questions" class="action.ExamAction" method="questions"></action>
	<action name="login" class="action.ExamAction" method="login"></action>
	<action name="logout" class="action.ExamAction" method="logout"></action>
	<action name="showaddque" class="action.ExamAction" method="showaddque"></action>
	<action name="addque" class="action.ExamAction" method="addque"></action>
</package>
</struts>    
