<?xml version='1.0' encoding='UTF-8'?>
<!DOCTYPE hibernate-configuration PUBLIC
          "-//Hibernate/Hibernate Configuration DTD 3.0//EN"
          "http://hibernate.sourceforge.net/hibernate-configuration-3.0.dtd">

<!-- Generated by MyEclipse Hibernate Tools.                   -->
<hibernate-configuration>

	<session-factory>
		<property name="dialect">
			org.hibernate.dialect.SQLServerDialect
		</property>
		<property name="connection.url">
			jdbc:sqlserver://127.0.0.1:1433;databaseName=text
		</property>
		<property name="connection.username">sa</property>
		<property name="connection.password">123</property>
		<property name="connection.driver_class">
			com.microsoft.sqlserver.jdbc.SQLServerDriver
		</property>
		<property name="myeclipse.connection.profile">Sql</property>
		<property name="show_sql">true</property>
		<mapping resource="bean/Student.hbm.xml" />
		<mapping resource="bean/Lecturer.hbm.xml" />
		<mapping resource="bean/Administrator.hbm.xml" />
		<mapping resource="bean/Direction.hbm.xml" />
		<mapping resource="bean/Phase.hbm.xml" />
		<mapping resource="bean/Difficulty.hbm.xml" />
		<mapping resource="bean/Subject.hbm.xml" />
		<mapping resource="bean/Type.hbm.xml" />
		<mapping resource="bean/Shijuanbanji.hbm.xml" />
		<mapping resource="bean/Clas.hbm.xml" />
		<mapping resource="bean/Topic.hbm.xml" />
		<mapping resource="bean/Cunti.hbm.xml" />
		<mapping resource="bean/Paper.hbm.xml" />

	</session-factory>

</hibernate-configuration>