<?xml version="1.0" encoding="UTF-8"?>
<!DOCTYPE struts PUBLIC
	"-//Apache Software Foundation//DTD Struts Configuration 2.0//EN"
	"http://struts.apache.org/dtds/struts-2.0.dtd">
<struts>
	<package name="aaaa" extends="struts-default" namespace="/" >
		<action name="*_login" class="com.LoginAction" method="{1}">
			<result name="index">index.jsp</result>
			<result name="sb">sb.jsp</result>
		</action>	
		<action name="*_test" class="com.TestAction" method="{1}">
			<result name="sub">test_base_management.jsp</result>
			<result name="topp">topic.jsp</result>
			<result name="stym">addtopic.jsp</result>
			<result name="jia">topic.jsp</result>
			<result name="jian">topic.jsp</result>
			<result name="upsel">upsel.jsp</result>
			<result name="sb">sb.jsp</result>
			<result name="dele" type="redirectAction">findsub_test.action</result>
			<result name="to" type="redirectAction">findsub_test.action</result>
		</action>	
		<action name="*_shijuan" class="com.ShiJuanAction" method="{1}">
			<result name="xianshi">test_paper.jsp</result>
			<result name="xsxlk">xuantizujuan.jsp</result>
			<result name="sjf">test_paper.jsp</result>
			<result name="xzdt" type="redirectAction">xianshi_shijuan.action</result>
			<result name="suiji" type="redirectAction">xianshi_shijuan.action</result>
			<result name="suijixsxlk">suijizujuan.jsp</result>
			<result name="cksj">chakanshijuan.jsp</result>
		</action>
		<action name="*_kaoshi" class="com.KaoshiAction" method="{1}">
			<result name="clas">kaishikaoshi.jsp</result>
			<result name="addsjbj" type="redirectAction">xianshi_shijuan.action</result>
			<result name="sjbj">zaixiankaoshi.jsp</result>
		</action>
	</package>
</struts>