<?xml version='1.0' encoding='UTF-8'?>
<!DOCTYPE hibernate-configuration PUBLIC
          "-//Hibernate/Hibernate Configuration DTD 3.0//EN"
          "http://hibernate.sourceforge.net/hibernate-configuration-3.0.dtd">

<!-- Generated by MyEclipse Hibernate Tools.                   -->
<hibernate-configuration>

<session-factory>
	<!-- 方言，对应不同的数据库 -->
	<property name="dialect">
		org.hibernate.dialect.SQLServerDialect
	</property>
	<!-- 连接数据库的各个属性-->
	<property name="connection.url">
		jdbc:sqlserver://127.0.0.1:1433;databaseName=mysql
	</property>
	<property name="connection.username">sa</property>
	<property name="connection.password">123</property>
	<property name="connection.driver_class">
		com.microsoft.sqlserver.jdbc.SQLServerDriver
	</property>

	<property name="myeclipse.connection.profile">sqlserver</property>
	<!-- 设置属性，对hibernate的配置 -->
	<property name="format_sql">true</property>
	<property name="show_sql">true</property>
	<property name="hbm2ddl.auto">create</property>
	<mapping resource="com/domain/Admin.hbm.xml" />
	<mapping resource="com/domain/Classes.hbm.xml" />
	<mapping resource="com/domain/Paper.hbm.xml" />
	<mapping resource="com/domain/Question.hbm.xml" />
	<mapping resource="com/domain/Students.hbm.xml" />
	<mapping resource="com/domain/Teacher.hbm.xml" />
</session-factory>

</hibernate-configuration>