<?xml version="1.0" encoding="UTF-8"?>
<!DOCTYPE hibernate-mapping PUBLIC
        "-//Hibernate/Hibernate Mapping DTD 3.0//EN"
        "http://hibernate.sourceforge.net/hibernate-mapping-3.0.dtd">
        
        <hibernate-mapping package="domain">
        	<class name="Admain" table="admain">
        		<id name="id" column="id"> 
        			<generator class="native"></generator>
        		</id>
        		<!-- 普通属性的配置 -->
        		<property name="zhanghao" column="zhanghao" length="30"></property>
        		<property name="mima" column="mima" length="30"></property>
        	</class>
        
        </hibernate-mapping>
