<?xml version="1.0" encoding="UTF-8"?>
<!DOCTYPE hibernate-mapping PUBLIC
        "-//Hibernate/Hibernate Mapping DTD 3.0//EN"
        "http://hibernate.sourceforge.net/hibernate-mapping-3.0.dtd">
		<hibernate-mapping>
			<class name="domain.Question" table="question">
				<id name="qid"  column="qid"> 
					<generator class="native"></generator>
				</id>
				<property name="kind"  ></property>
				<property name="type"  ></property>
				<property name="content"  ></property>
				<property name="objectA"  ></property>
				<property name="objectB"  ></property>
				<property name="objectC"  ></property>
				<property name="objectD"  ></property>
				<property name="answer"  ></property>
				<property name="difficulty"  ></property>
				<property name="subjectId"  ></property>
				<property name="chapter"  ></property>
				<property name="stage"></property>
				<property name="direction"></property>
				
				<set name="paperSet" table="paper_question"  lazy="false">
					<key column="question_qid"></key>
					<many-to-many column="paper_pid" class="domain.Paper">
					</many-to-many>
				</set>
			</class>
		</hibernate-mapping>