<?xml version="1.0" encoding="UTF-8"?>
<!DOCTYPE hibernate-mapping PUBLIC
        "-//Hibernate/Hibernate Mapping DTD 3.0//EN"
        "http://hibernate.sourceforge.net/hibernate-mapping-3.0.dtd">
		<hibernate-mapping>
			<class name="domain.Student" table="student">
				<id name="id"  column="id"> 
					<generator class="native"></generator>
				</id>
				<property name="uname"  ></property>
				<property name="stupwd"  ></property>
				<property name="sex"  ></property>
				
				<many-to-one name="classes" column="classes_id"  class="domain.Classes" >
				</many-to-one>
			</class>
		</hibernate-mapping>