<?xml version="1.0"?>
<!DOCTYPE hibernate-mapping PUBLIC
        "-//Hibernate/Hibernate Mapping DTD 3.0//EN"
        "http://hibernate.sourceforge.net/hibernate-mapping-3.0.dtd">
        <hibernate-mapping>
        	<class name="domain.Teacher" table="teacher">
        	<!-- 主键配置 -->
        		<id name="tid" column="tid">
        		<!-- 主键生成 -->
        			<generator class="native"></generator>
        		</id>
        		<property name="tzhanghao" ></property>
        		<property name="pwd"  ></property>
        		<property name="tname"  ></property>
        		<property name="tsex"   ></property>
        		
        		<property name="telphont"  ></property>
        		<property name="jop"  ></property>
        		
       		    <many-to-one name="classes" column="classes_id"  class="domain.Classes" >
       		    </many-to-one>
        		
        		
        	</class>
        </hibernate-mapping>